organism_accession_number	build_id	taxonomy_id	gene_name	location	locus_tag	gene_start	gene_end	strand	class_name	class_description	aptamer?name	aptamer_start	aptamer_end	aptamer_score	replicon_id	sequence	
GCF_000009045.1	ASM904v1	224308	glmS	chromosome	BSU01780	200276	202079	+	glmS		RF00234_200016	200016	200186	6.9e-36	NC_000964.3	AGAGCTGTGCGATGAGTATGTCAATCGCATTGTTGAAGTCGTCCGGTCAGAAATGGGATTAGAGTAACGAAGTCTATTATCAGAGAGTGAACAAGACAAGCGAGGTTTACATAAGATAATTGTGAGACATACGGCAAAGTTGCTTAAAAAACAATTGACCGTTTATGCCACATGTTGTAAAATCAAGCTTGTCTTGTTCTTATTTTCTCAATAGGAAAAGAAGACGGGATTATTGCTTTACCTATAATTATAGCGCCCGAACTAAGCGCCCGGAAAAAGGCTTAGTTGACGAGGATGGAGGTTATCGAATTTTCGGCGGATGCCTCCCGGCTGAGTGTGCAGATCACAGCCGTAAGGATTTCTTCAAACCAAGGGGGTGACTCCTTGAACAAAGAGAAATCACATGATCTTCCAAAAAACATGTAGGAGGGGACGATTGAAAGTCCCCTTGAAATTTGACTTTCTTCGTCTCCTTTTACAATCTTAGGAGGAAGAAAAATATGTGTGGAATCGTAGGTTATATCGGTCAGCTTGATGCGAAGGAAATTTTATTAAAAGGGTTAGAGAAGCTTGAGTATCGCGGTTATGACTCTGCTGGTATTGCTGTTGCCAACGAACAGGGAATCCATGTGTTCAAAGAAAAAGGACGCATTGCAGATCTTCGTGAAGTTGTGGATGCCAATGTAGAAGCGAAAGCCGG
GCF_000009045.1	ASM904v1	224308	ydaO	chromosome	BSU04320	486431	488255	+	ydaO-yuaA		RF00379_486091	486091	486234	1.2e-25	NC_000964.3	CTTCCTGCCGCTGGTACATATACTTTCCGTGCGGAGAATAAATCATTAAGCATCGGAAATAAATTTTACGCAGAAGCCAGCATTGACGTGGCTAAGCGCAGCACTCCTCCGACTCAGCCTTGCGGTTGCAACTAATGTAAAAGACCGGTTAACGCCGGTCTTTTTTGCGTTTTACCCTCCCCTTTTTCTCTAATCCCCGTTATCTTTTTTCTGGTTTAAAATTTAAATTGACAAACACTAGAAACAGGAGTAAATTCTTGAGTGTTCAATTTCATACAGTCTCTTTTACCGCTTAATCAAACACGAACGGGGGAACCAACGATTGGCTGTTTTATTAACAGCCTTGGGGTGAATCTTACTAAGTAAGAGGGGGTACTCTGAATCCCTAATCCGACAGCTAACCTCGTAGGCGTATACAGAGAGGAGGTCTATTATCGGCCATTCTTTGCAATGGTCTTTTTTGTTTCAAAAACGTTAATTCACTAAGGGAGATATGAACATTGGGAAGAATTAAAAATAAGCAATTTGCCGTGATCGGGCTGGGCCGGTTTGGCGGCAGCATTTGTAAAGAACTTCATAGAATGGGGCATGAGGTCCTTGCGGTTGATATCAACGAAGAAAAGGTCAATGCATATGCTTCTTACGCCACTCATGCGGTAATTGCCAACGCCACCGAAGAAAACGAATTGCTTTCATTAGG
GCF_000009045.1	ASM904v1	224308	pbuE	chromosome	BSU05800	625124	626291	-	Purine		RF00167_626345	626345	626444	9e-14	NC_000964.3	TGCGGACCGATCAAAACGGCATCCGCTTTTCTCATGTCTTCTTTTGCTTTATCCTGGCCAACAGCCCAAATCTCCGCTTCCTCACCGATAGACTGTGCGTATTCCTTCATTTTTGTCACCAATAAACTGGTAGACATTCCTGAACTGCACGCGAGTAATATTTTTTTCAACTGCTATCCCCCCTGTTATTAAAACGCTTACATTGATTATTATAGTCATTTAATTTTAAATGTCTATACTTTTATAAAATAAATATAATCATATTTTTTTCCGGTTCACCGTTTTATAAATTTTTCTATGGAAGATTCATTCATAATGTGGTACACTCATCAACGGAAACGAATCAATTAAATAGCTATTATCACTTGTATAACCTCAATAATATGGTTTGAGGGTGTCTACCAGGAACCGTAAAATCCTGATTACAAAATTTGTTTATGACATTTTTTGTAATCAGGATTTTTTTTATTTATCAAAACATTTAAGTAAAGGAGTTTGTTATGAATTTCAAAGTTTTCCTGCTTGCAGCTTCTACGATTGCAGTCGGATTGGTTGAGTTAATTGTGGGGGGAATTCTTCCTCAGATCGCAAATGATTTAGACATTTCCATTGTTTCAGCCGGACAGCTGATCAGTGTGTTTGCGCTGGGATATGCAGTATCTGGGCCGCTGCTTTTGGCATTGACTGCGAAGATTGAGCG
GCF_000009045.1	ASM904v1	224308	pbuG	chromosome	BSU06370	694661	695984	+	Purine		RF00167_694424	694424	694525	1e-16	NC_000964.3	TGCGGACCGATCAAAACGGCATCCGCTTTTCTCATGTCTTCTTTTGCTTTATCCTGGCCAACAGCCCAAATCTCCGCTTCCTCACCGATAGACTGTGCGTATTCCTTCATTTTTGTCACCAATAAACTGGTAGACATTCCTGAACTGCACGCGAGTAATATTTTTTTCAACTGCTATCCCCCCTGTTATTAAAACGCTTACATTGATTATTATAGTCATTTAATTTTAAATGTCTATACTTTTATAAAATAAATATAATCATATTTTTTTCCGGTTCACCGTTTTATAAATTTTTCTATGGAAGATTCATTCATAATGTGGTACACTCATCAACGGAAACGAATCAATTAAATAGCTATTATCACTTGTATAACCTCAATAATATGGTTTGAGGGTGTCTACCAGGAACCGTAAAATCCTGATTACAAAATTTGTTTATGACATTTTTTGTAATCAGGATTTTTTTTATTTATCAAAACATTTAAGTAAAGGAGTTTGTTATGAATTTCAAAGTTTTCCTGCTTGCAGCTTCTACGATTGCAGTCGGATTGGTTGAGTTAATTGTGGGGGGAATTCTTCCTCAGATCGCAAATGATTTAGACATTTCCATTGTTTCAGCCGGACAGCTGATCAGTGTGTTTGCGCTGGGATATGCAGTATCTGGGCCGCTGCTTTTGGCATTGACTGCGAAGATTGAGCG
GCF_000009045.1	ASM904v1	224308	purE	chromosome	BSU06420	698611	699100	+	Purine		RF00167_698368	698368	698469	4.1e-17	NC_000964.3	TGCGGACCGATCAAAACGGCATCCGCTTTTCTCATGTCTTCTTTTGCTTTATCCTGGCCAACAGCCCAAATCTCCGCTTCCTCACCGATAGACTGTGCGTATTCCTTCATTTTTGTCACCAATAAACTGGTAGACATTCCTGAACTGCACGCGAGTAATATTTTTTTCAACTGCTATCCCCCCTGTTATTAAAACGCTTACATTGATTATTATAGTCATTTAATTTTAAATGTCTATACTTTTATAAAATAAATATAATCATATTTTTTTCCGGTTCACCGTTTTATAAATTTTTCTATGGAAGATTCATTCATAATGTGGTACACTCATCAACGGAAACGAATCAATTAAATAGCTATTATCACTTGTATAACCTCAATAATATGGTTTGAGGGTGTCTACCAGGAACCGTAAAATCCTGATTACAAAATTTGTTTATGACATTTTTTGTAATCAGGATTTTTTTTATTTATCAAAACATTTAAGTAAAGGAGTTTGTTATGAATTTCAAAGTTTTCCTGCTTGCAGCTTCTACGATTGCAGTCGGATTGGTTGAGTTAATTGTGGGGGGAATTCTTCCTCAGATCGCAAATGATTTAGACATTTCCATTGTTTCAGCCGGACAGCTGATCAGTGTGTTTGCGCTGGGATATGCAGTATCTGGGCCGCTGCTTTTGGCATTGACTGCGAAGATTGAGCG
GCF_000009045.1	ASM904v1	224308	thiC	chromosome	BSU08790	955894	957667	+	TPP		RF00059_955654	955654	955761	1.9e-15	NC_000964.3	AATGAAGCAGCTTTACTAATATAACATTCAGCTTCTTTTTTGTCAACAACTTTTTTCAAGTTGTTTTGAAGCATCTAGTTTGTGTCCGCTGTGCATCAGCGACGTTTAATAATATAACACCTGTATTTATTTATTGCAATAGTTTTTTAAAAAAAATCTATAAAACAAATAAACTATAATCCTCGCCATGATTTCTAAAGCGTGTGTATCATATAAGTTTCTTAAAAGAACATATACATCAGTCATGTGATCTTGTTGTTTTTTTCGTTTTCTTGTATAGTAGAAACGAACTAAATACTGATGACCACAAGGGGAGCATTAAAGCTGAGAGTGAGCGGTTTCGTTCTGACCCTTTGAACCTGTTAGTTAACGCTGGCGTAGGGATGTGGCAAAGTCAAATGAATTGCAGATCGTAAAGCAGTGCGTGGAACTTTTCTCATCCTTCCGCGTGCTGCTTTTTTGTTGTCCTTTTGGTTGTCTGTCAATGGAAGGAGATAGATATGAATCAATCTAAGCAACTGGTTCGCCTTATTGAAATTGCCATTATGACAGCGGCAGCCGTTATTTTAGACATTGTCTCAGGAATGTTTCTTAGCATGCCTCAAGGAGGCTCGGTCTCCATCATGATGATTCCGATCTTTTTAATTTCGTTTCGCTGGGGTGTCAAAGCAGGTCTTACTACAGGTTTGTTGACAGGTCT
GCF_000009045.1	ASM904v1	224308	yitJ	chromosome	BSU11010	1178756	1180595	-	SAM		RF00162_1180683	1180683	1180800	3.5e-22	NC_000964.3	AATCCGGATAATGAATTTGCAGGACATAGCCTGATTATTGATCCATGGGGACGTGTACTTGCTGAAGGCGGCCGGGAAGAAGGCATAGTCCGAGCGGAAATCGACCTTCAAGAAAGCGCAGAAGTTCGGGAGAGCATTCCTGTTTTCGATGATATCAGAAAAGATTTATATTAAAAAATATATTGACAACTAACTAAATTACCTGTTACCATGTTCATCAACTGATAAATTAGAATTGTCAAACAAGTGAATATATTCTCTTATCGAGAGTTGGGCGAGGGATTTGGCCTTTTGACCCCAAAAGCAACCGACCGTAATTCCATTGTGAAATGGGGCGCATTTTTTTCGCGCCGAGACGCTGGTCTCTTAAGGCACGGTGCTAATTCCATTCAGATCTGATCTGAGAGATAAGAGAGGCGGACATAGATGTTAAGCCTCCTTCTCTCTGAGAAGGAGGCTTTTTTACGGCCACATATTAATTAATTACATAATTGGAGGTTATGATGATGGGAGTCACAAAAACACCTTTATACGAAACGTTAAATGAAAGCTCCGCTGTGGCGTTGGCGGTGAAGCTTGGCCTATTTCCAAGCAAAAGCACGCTGACATGCCAGGAGATCGGAGACGGCAACTTAAATTACGTTTTTCATATTTATGATCAAGAACATGACAGAGCATTGATCATTAAACAGGCGGTTCC
GCF_000009045.1	ASM904v1	224308	tenA	chromosome	BSU11650	1242448	1243159	+	TPP		RF00059_1242261	1242261	1242369	7.1e-16	NC_000964.3	AATGAAGCAGCTTTACTAATATAACATTCAGCTTCTTTTTTGTCAACAACTTTTTTCAAGTTGTTTTGAAGCATCTAGTTTGTGTCCGCTGTGCATCAGCGACGTTTAATAATATAACACCTGTATTTATTTATTGCAATAGTTTTTTAAAAAAAATCTATAAAACAAATAAACTATAATCCTCGCCATGATTTCTAAAGCGTGTGTATCATATAAGTTTCTTAAAAGAACATATACATCAGTCATGTGATCTTGTTGTTTTTTTCGTTTTCTTGTATAGTAGAAACGAACTAAATACTGATGACCACAAGGGGAGCATTAAAGCTGAGAGTGAGCGGTTTCGTTCTGACCCTTTGAACCTGTTAGTTAACGCTGGCGTAGGGATGTGGCAAAGTCAAATGAATTGCAGATCGTAAAGCAGTGCGTGGAACTTTTCTCATCCTTCCGCGTGCTGCTTTTTTGTTGTCCTTTTGGTTGTCTGTCAATGGAAGGAGATAGATATGAATCAATCTAAGCAACTGGTTCGCCTTATTGAAATTGCCATTATGACAGCGGCAGCCGTTATTTTAGACATTGTCTCAGGAATGTTTCTTAGCATGCCTCAAGGAGGCTCGGTCTCCATCATGATGATTCCGATCTTTTTAATTTCGTTTCGCTGGGGTGTCAAAGCAGGTCTTACTACAGGTTTGTTGACAGGTCT
GCF_000009045.1	ASM904v1	224308	yjcI	chromosome	BSU11870	1258491	1259613	+	SAM		RF00162_1258303	1258303	1258423	1.5e-21	NC_000964.3	AATCCGGATAATGAATTTGCAGGACATAGCCTGATTATTGATCCATGGGGACGTGTACTTGCTGAAGGCGGCCGGGAAGAAGGCATAGTCCGAGCGGAAATCGACCTTCAAGAAAGCGCAGAAGTTCGGGAGAGCATTCCTGTTTTCGATGATATCAGAAAAGATTTATATTAAAAAATATATTGACAACTAACTAAATTACCTGTTACCATGTTCATCAACTGATAAATTAGAATTGTCAAACAAGTGAATATATTCTCTTATCGAGAGTTGGGCGAGGGATTTGGCCTTTTGACCCCAAAAGCAACCGACCGTAATTCCATTGTGAAATGGGGCGCATTTTTTTCGCGCCGAGACGCTGGTCTCTTAAGGCACGGTGCTAATTCCATTCAGATCTGATCTGAGAGATAAGAGAGGCGGACATAGATGTTAAGCCTCCTTCTCTCTGAGAAGGAGGCTTTTTTACGGCCACATATTAATTAATTACATAATTGGAGGTTATGATGATGGGAGTCACAAAAACACCTTTATACGAAACGTTAAATGAAAGCTCCGCTGTGGCGTTGGCGGTGAAGCTTGGCCTATTTCCAAGCAAAAGCACGCTGACATGCCAGGAGATCGGAGACGGCAACTTAAATTACGTTTTTCATATTTATGATCAAGAACATGACAGAGCATTGATCATTAAACAGGCGGTTCC
GCF_000009045.1	ASM904v1	224308	ykkC	chromosome	BSU13090	1376516	1376855	+	ykkC-yxkD		RF00442_1376327	1376327	1376438	8.5e-23	NC_000964.3	CAAGCTTTACAGGGTACTAGTTTTCCTGCCATTATATTTCCTCCTATGTAATAAAATGTACGAAACATATGTACTATAATGCCTATATTATTTCTCTTAGTCAATATAAAATTATGAATTTCTTATAATTATTATCATTTATAGTTACATTCGCTTGTAAAATATATGCTTTTTTTCTTATCGGTTATATCTGTTCTTTTTTAATAGATAAATCGTATTTTTTTCCAGCTTATCTGATGAAAACTCCGCAAATACCCCTTGAACCAATTCGAACCGTCCCTTATAATGCTAATATTGGAAAGTGAAAAGGATATGATAAAAACAGTGGTTTTCTAGGGTTCCGCAATGCAAATTGGACTGTGACCGAGAGAAAACACATAGCAGCTTGGCTGTTATGACACGGTGGGATAAAAGCCCAGGAGTTTCTGCTCTTTTTCGAGAGCGTTCTCCTGGGTTTTTTTATTTGCTAGAACAGAACAATGAAAAGGAGTGTTTTCGTGATGAAAAAGAGAATGCTGGATGTACTTATGCTTGTGATTGGCGCTTTTTTCTTCGCGCTTGCGGTTAATTTATTTGCGATTCCCAATGATCTTGGGGAAGGCGGAGTCACTGGGATTACGCTGATTTTGTATTATCTGTTTCAATGGTCTCCTGGTGTCACGAACTTTATCTTAAATGCGTTTTTGCTTTTAATCGGCTA
GCF_000009045.1	ASM904v1	224308	metE	chromosome	BSU13180	1383319	1385608	-	SAM		RF00162_1385734	1385734	1385889	4.9e-15	NC_000964.3	AATCCGGATAATGAATTTGCAGGACATAGCCTGATTATTGATCCATGGGGACGTGTACTTGCTGAAGGCGGCCGGGAAGAAGGCATAGTCCGAGCGGAAATCGACCTTCAAGAAAGCGCAGAAGTTCGGGAGAGCATTCCTGTTTTCGATGATATCAGAAAAGATTTATATTAAAAAATATATTGACAACTAACTAAATTACCTGTTACCATGTTCATCAACTGATAAATTAGAATTGTCAAACAAGTGAATATATTCTCTTATCGAGAGTTGGGCGAGGGATTTGGCCTTTTGACCCCAAAAGCAACCGACCGTAATTCCATTGTGAAATGGGGCGCATTTTTTTCGCGCCGAGACGCTGGTCTCTTAAGGCACGGTGCTAATTCCATTCAGATCTGATCTGAGAGATAAGAGAGGCGGACATAGATGTTAAGCCTCCTTCTCTCTGAGAAGGAGGCTTTTTTACGGCCACATATTAATTAATTACATAATTGGAGGTTATGATGATGGGAGTCACAAAAACACCTTTATACGAAACGTTAAATGAAAGCTCCGCTGTGGCGTTGGCGGTGAAGCTTGGCCTATTTCCAAGCAAAAGCACGCTGACATGCCAGGAGATCGGAGACGGCAACTTAAATTACGTTTTTCATATTTATGATCAAGAACATGACAGAGCATTGATCATTAAACAGGCGGTTCC
GCF_000009045.1	ASM904v1	224308	thiU	chromosome	BSU13240	1391039	1391642	-	TPP		RF00059_1391737	1391737	1391849	1.9e-14	NC_000964.3	AATGAAGCAGCTTTACTAATATAACATTCAGCTTCTTTTTTGTCAACAACTTTTTTCAAGTTGTTTTGAAGCATCTAGTTTGTGTCCGCTGTGCATCAGCGACGTTTAATAATATAACACCTGTATTTATTTATTGCAATAGTTTTTTAAAAAAAATCTATAAAACAAATAAACTATAATCCTCGCCATGATTTCTAAAGCGTGTGTATCATATAAGTTTCTTAAAAGAACATATACATCAGTCATGTGATCTTGTTGTTTTTTTCGTTTTCTTGTATAGTAGAAACGAACTAAATACTGATGACCACAAGGGGAGCATTAAAGCTGAGAGTGAGCGGTTTCGTTCTGACCCTTTGAACCTGTTAGTTAACGCTGGCGTAGGGATGTGGCAAAGTCAAATGAATTGCAGATCGTAAAGCAGTGCGTGGAACTTTTCTCATCCTTCCGCGTGCTGCTTTTTTGTTGTCCTTTTGGTTGTCTGTCAATGGAAGGAGATAGATATGAATCAATCTAAGCAACTGGTTCGCCTTATTGAAATTGCCATTATGACAGCGGCAGCCGTTATTTTAGACATTGTCTCAGGAATGTTTCTTAGCATGCCTCAAGGAGGCTCGGTCTCCATCATGATGATTCCGATCTTTTTAATTTCGTTTCGCTGGGGTGTCAAAGCAGGTCTTACTACAGGTTTGTTGACAGGTCT
GCF_000009045.1	ASM904v1	224308	mgtE	chromosome	BSU13300	1396012	1397368	+	ykoK		RF00380_1395615	1395615	1395780	6.9e-34	NC_000964.3	TTAGGCCCTTGTTTTGTTCCGTAATTGTGATGTAAGCGCATTTATTACTTTTTTGAGTTGACATAGCTTGTTTTTTTCTGTAATCTCAGTGTGTCAATTCAATTAGGAACTTCGTTAGGTGAGGCTCCTGTATGGAGATACGCTGCTGCCCAAAAATGTCCAAAGACGCCAATGGGTCAACAGAAATCATCGACATAAGGTGATTTTTAATGCAGCTGGATGCTTGTCCTATGCCATACAGTGCTAAAGCTCTACGATTGAAGGCGCCCGCACGCTTTTTTTGCCGTGCTTCTTTCACCTTCAATCCCGAAGGCTTTTTTTATGCCTTTAAAACGAAACCAATCAAAGGAGGTGCGGAGTATGGATTCTCCCCATTCGAGTCAATCTGAAGAAGTACCCATATACTATGACAGCAAGACAATTGATTACACGATGAGGAGACGAACTGCCGCACCTTCTGGCGAGGCCGGCACGTCTCCGTAGAGGAGGTACGAGTCCCGATGGTTCAAAACATGACCTATGACGAACTCATTTTACGCATCATTATTTTACTGCGAGACGGGAAAATCAGGGATTTTAGAAGTGTTATTGATGAGCTTCAGCCCTATGACATGGCATTTATTTTTAAAGAAATGCCGGAAAAACATCGCGCCCGCTATTTATCTTATTTAACTGTAGACGATATCACTGATATGATCGG
GCF_000009045.1	ASM904v1	224308	ykoY	chromosome	BSU13440	1410653	1411628	+	yybP-ykoY		RF00080_1410624	1410624	1410726	1.7e-10	NC_000964.3	ATGTACCATCTGGTATGCCCAGGCCGTTTCACGCGCTCTTGACTCATGATGAAAACCTCCTCTGTCATAGCATGATCTCCTGATAGAAAAACCATTCAAATTTTAAATACCACAGCGCGCTTTTATATAAACGGCAGGAATTTGACTGGAACAGATCGGTGCTTTAGAATGAAAGTAATAAAAATGAACACTCCAAAGGGGAGTAGCTTTCACAGTAAAGTCGTCATTACGGGACAAGGTGTCCTCGGCTTTGCTGGCAATCTCATTGTTAGCGAGACCTTTGCCAAATCTGATTTGGTGAAGGTCTTTTTGTTTCAGGAACTTCACCAAATTGGTGGAGTTTTTTCATTTTTATCAAAAAGGGAGAGGAGCATCAGAATGTCTAAGCTGAAAAAGTGGCTGAAGCGTGAATTGGTGAGGAAAGGGCTGCCGTTAGCGAAAGAGAAATTGATTCCGATCTTAAAAGAAAAAATGAAAAAGAAACGATGAGGGGGCTGAAGATGAAGATCATTTTGACAGTACTTGCCGGAGTGGGACTTTTGAGTGCAGGCGGATGCGGCATGCTTGATCAGGTGAACGACGGATTGAACTATACGAGTGAAGCAGCTGGTTATGTGGAGAAGGTGAAGACATTTGCAGAGGAAGCGCCTGAATTGGCTGAGAAAGCTGTAAATGACACCGAGGCGAAAGAAAAACTTGA
GCF_000009045.1	ASM904v1	224308	mtnK	chromosome	BSU13560	1423240	1424440	-	SAM		RF00162_1424525	1424525	1424681	5.8e-13	NC_000964.3	AATCCGGATAATGAATTTGCAGGACATAGCCTGATTATTGATCCATGGGGACGTGTACTTGCTGAAGGCGGCCGGGAAGAAGGCATAGTCCGAGCGGAAATCGACCTTCAAGAAAGCGCAGAAGTTCGGGAGAGCATTCCTGTTTTCGATGATATCAGAAAAGATTTATATTAAAAAATATATTGACAACTAACTAAATTACCTGTTACCATGTTCATCAACTGATAAATTAGAATTGTCAAACAAGTGAATATATTCTCTTATCGAGAGTTGGGCGAGGGATTTGGCCTTTTGACCCCAAAAGCAACCGACCGTAATTCCATTGTGAAATGGGGCGCATTTTTTTCGCGCCGAGACGCTGGTCTCTTAAGGCACGGTGCTAATTCCATTCAGATCTGATCTGAGAGATAAGAGAGGCGGACATAGATGTTAAGCCTCCTTCTCTCTGAGAAGGAGGCTTTTTTACGGCCACATATTAATTAATTACATAATTGGAGGTTATGATGATGGGAGTCACAAAAACACCTTTATACGAAACGTTAAATGAAAGCTCCGCTGTGGCGTTGGCGGTGAAGCTTGGCCTATTTCCAAGCAAAAGCACGCTGACATGCCAGGAGATCGGAGACGGCAACTTAAATTACGTTTTTCATATTTATGATCAAGAACATGACAGAGCATTGATCATTAAACAGGCGGTTCC
GCF_000009045.1	ASM904v1	224308	mtnW	chromosome	BSU13590	1427033	1428278	+	SAM-I-IV-variant		RF01725_1426873	1426873	1427001	0.00027	NC_000964.3	TTGAAAACGGAAATATTCATTCAGATGATCTAAAAAAGCTGCAAACATGGAAACGAAATCCCGAGTCAAAAGATTGGTTTAAAAAATAAAAAATAAATTCAAATGATGTAAAGAGGCTTCAAAGCCTTGCTGTACTTGAAAACAGGCTGTGAGGCCTGTTTTTTTATTAATCCTATAAAAAAAGTCGGGTTGACTTATGTTAGAATTGTGCTAAAATTTACTACAAATCTAAAAACTTATCAAGAGCGGCTGAGGGACTGGACCTATGAAGCCCGGCAACCTGCATAGTTTGTAAGGTGCTACTTCCAGCAAAATGAATTCCATTTTGAAAGATAAGGGCTGCATGCTGTTCCTGTCTTTCTTTCCGCCGGATTGAAAGTTTTTTATTTTAAGAGGTAAAAAGGCTATCTGTATATCAGCAGCCGCGAATCACATTACATGGGAAAAGACAACCGGCAGAAAGCTACTGTTTGTTTGTCTCCGAAAGGAGGAAAGAAGAAATGTTAACGTATGATAATTGGGAAGAACCAACGATTACATTTCCGGAAGACGATCCTTATAAAGGAGCGCTGTCAGTTTTAAAATGGGCATACGGCCATTACGGCGATCAGCTTGTTTATGCCTGCAGTTTCGGAATTGAGGGAATCGTTCTGATTGACTTAATTTATAAAGTGAAAAAAGACGCAGAGATTGTGTTTCT
GCF_000009045.1	ASM904v1	224308	mtnW	chromosome	BSU13590	1427033	1428278	+	SAM		RF00162_1426875	1426875	1426975	9.6e-18	NC_000964.3	AATCCGGATAATGAATTTGCAGGACATAGCCTGATTATTGATCCATGGGGACGTGTACTTGCTGAAGGCGGCCGGGAAGAAGGCATAGTCCGAGCGGAAATCGACCTTCAAGAAAGCGCAGAAGTTCGGGAGAGCATTCCTGTTTTCGATGATATCAGAAAAGATTTATATTAAAAAATATATTGACAACTAACTAAATTACCTGTTACCATGTTCATCAACTGATAAATTAGAATTGTCAAACAAGTGAATATATTCTCTTATCGAGAGTTGGGCGAGGGATTTGGCCTTTTGACCCCAAAAGCAACCGACCGTAATTCCATTGTGAAATGGGGCGCATTTTTTTCGCGCCGAGACGCTGGTCTCTTAAGGCACGGTGCTAATTCCATTCAGATCTGATCTGAGAGATAAGAGAGGCGGACATAGATGTTAAGCCTCCTTCTCTCTGAGAAGGAGGCTTTTTTACGGCCACATATTAATTAATTACATAATTGGAGGTTATGATGATGGGAGTCACAAAAACACCTTTATACGAAACGTTAAATGAAAGCTCCGCTGTGGCGTTGGCGGTGAAGCTTGGCCTATTTCCAAGCAAAAGCACGCTGACATGCCAGGAGATCGGAGACGGCAACTTAAATTACGTTTTTCATATTTATGATCAAGAACATGACAGAGCATTGATCATTAAACAGGCGGTTCC
GCF_000009045.1	ASM904v1	224308	queC	chromosome	BSU13720	1439447	1440107	+	PreQ1		RF00522_1439273	1439273	1439317	4.4e-07	NC_000964.3	AAGTGCAAAGCTTTCTTCCAGTGAAAAGCAAATATATCTTTGCAGCCATTATGATCACGGCTTATATTACGAGCCAAATAGGGTACGGCAGGCTTATTTCAACGATTTATCCCTTGTTTGGCTATGTGAGCCTGGCCTTCATAGGCGCTTTGCTTTGCAAAAAAGCTCCTCGGCGGCGCAGTTTATAAATATATATAATGAAACGAACCGTCACTATAGAGCGATAATTGATCTAGGAACCGGGGACTGACTTTTTTATTGTCAAGAAAAACATCATTATGGTAAGATAGCAGAAGTGAAAAAATTGAAGAAAATCCGTGCGATATGCGGGAGAGGTTCTAGCTACACCCTCTATAAAAAACTAAGGACGAGCTGTATCCTTGGATACGGCCTTTTTTATGTTTTTCTAGAGCACCTTCCGAAAAAAGGTGTTTTTTTGCGTGAATTAGCTGTAGCGATGTCTCTCGCCGGCGTTTTTATTGCGGAGAAGGAGAGGAATCATGAAAAAAGAAAAAGCAATTGTCGTATTTAGCGGCGGTCAAGACAGCACAACATGCTTACTGTGGGCCTTAAAAGAATTCGAAGAAGTCGAAACGGTGACTTTTCATTATAATCAGCGACATTCGCAGGAAGTTGAAGTGGCAAAATCCATTGCGGAAAAGCTTGGTGTGAAAAATCATTTGCTTGATATGTCACTTTT
GCF_000009045.1	ASM904v1	224308	ylmB	chromosome	BSU15350	1607555	1608836	+	TPP		RF00059_1607366	1607366	1607467	3.7e-14	NC_000964.3	AATGAAGCAGCTTTACTAATATAACATTCAGCTTCTTTTTTGTCAACAACTTTTTTCAAGTTGTTTTGAAGCATCTAGTTTGTGTCCGCTGTGCATCAGCGACGTTTAATAATATAACACCTGTATTTATTTATTGCAATAGTTTTTTAAAAAAAATCTATAAAACAAATAAACTATAATCCTCGCCATGATTTCTAAAGCGTGTGTATCATATAAGTTTCTTAAAAGAACATATACATCAGTCATGTGATCTTGTTGTTTTTTTCGTTTTCTTGTATAGTAGAAACGAACTAAATACTGATGACCACAAGGGGAGCATTAAAGCTGAGAGTGAGCGGTTTCGTTCTGACCCTTTGAACCTGTTAGTTAACGCTGGCGTAGGGATGTGGCAAAGTCAAATGAATTGCAGATCGTAAAGCAGTGCGTGGAACTTTTCTCATCCTTCCGCGTGCTGCTTTTTTGTTGTCCTTTTGGTTGTCTGTCAATGGAAGGAGATAGATATGAATCAATCTAAGCAACTGGTTCGCCTTATTGAAATTGCCATTATGACAGCGGCAGCCGTTATTTTAGACATTGTCTCAGGAATGTTTCTTAGCATGCCTCAAGGAGGCTCGGTCTCCATCATGATGATTCCGATCTTTTTAATTTCGTTTCGCTGGGGTGTCAAAGCAGGTCTTACTACAGGTTTGTTGACAGGTCT
GCF_000009045.1	ASM904v1	224308	cysH	chromosome	BSU15570	1630381	1631083	+	SAM-I-IV-variant		RF01725_1630112	1630112	1630226	0.00097	NC_000964.3	TTGAAAACGGAAATATTCATTCAGATGATCTAAAAAAGCTGCAAACATGGAAACGAAATCCCGAGTCAAAAGATTGGTTTAAAAAATAAAAAATAAATTCAAATGATGTAAAGAGGCTTCAAAGCCTTGCTGTACTTGAAAACAGGCTGTGAGGCCTGTTTTTTTATTAATCCTATAAAAAAAGTCGGGTTGACTTATGTTAGAATTGTGCTAAAATTTACTACAAATCTAAAAACTTATCAAGAGCGGCTGAGGGACTGGACCTATGAAGCCCGGCAACCTGCATAGTTTGTAAGGTGCTACTTCCAGCAAAATGAATTCCATTTTGAAAGATAAGGGCTGCATGCTGTTCCTGTCTTTCTTTCCGCCGGATTGAAAGTTTTTTATTTTAAGAGGTAAAAAGGCTATCTGTATATCAGCAGCCGCGAATCACATTACATGGGAAAAGACAACCGGCAGAAAGCTACTGTTTGTTTGTCTCCGAAAGGAGGAAAGAAGAAATGTTAACGTATGATAATTGGGAAGAACCAACGATTACATTTCCGGAAGACGATCCTTATAAAGGAGCGCTGTCAGTTTTAAAATGGGCATACGGCCATTACGGCGATCAGCTTGTTTATGCCTGCAGTTTCGGAATTGAGGGAATCGTTCTGATTGACTTAATTTATAAAGTGAAAAAAGACGCAGAGATTGTGTTTCT
GCF_000009045.1	ASM904v1	224308	cysH	chromosome	BSU15570	1630381	1631083	+	SAM		RF00162_1630114	1630114	1630219	1.8e-17	NC_000964.3	AATCCGGATAATGAATTTGCAGGACATAGCCTGATTATTGATCCATGGGGACGTGTACTTGCTGAAGGCGGCCGGGAAGAAGGCATAGTCCGAGCGGAAATCGACCTTCAAGAAAGCGCAGAAGTTCGGGAGAGCATTCCTGTTTTCGATGATATCAGAAAAGATTTATATTAAAAAATATATTGACAACTAACTAAATTACCTGTTACCATGTTCATCAACTGATAAATTAGAATTGTCAAACAAGTGAATATATTCTCTTATCGAGAGTTGGGCGAGGGATTTGGCCTTTTGACCCCAAAAGCAACCGACCGTAATTCCATTGTGAAATGGGGCGCATTTTTTTCGCGCCGAGACGCTGGTCTCTTAAGGCACGGTGCTAATTCCATTCAGATCTGATCTGAGAGATAAGAGAGGCGGACATAGATGTTAAGCCTCCTTCTCTCTGAGAAGGAGGCTTTTTTACGGCCACATATTAATTAATTACATAATTGGAGGTTATGATGATGGGAGTCACAAAAACACCTTTATACGAAACGTTAAATGAAAGCTCCGCTGTGGCGTTGGCGGTGAAGCTTGGCCTATTTCCAAGCAAAAGCACGCTGACATGCCAGGAGATCGGAGACGGCAACTTAAATTACGTTTTTCATATTTATGATCAAGAACATGACAGAGCATTGATCATTAAACAGGCGGTTCC
GCF_000009045.1	ASM904v1	224308	yoaD	chromosome	BSU18560	2024041	2025076	-	SAM		RF00162_2025158	2025158	2025249	6.4e-19	NC_000964.3	AATCCGGATAATGAATTTGCAGGACATAGCCTGATTATTGATCCATGGGGACGTGTACTTGCTGAAGGCGGCCGGGAAGAAGGCATAGTCCGAGCGGAAATCGACCTTCAAGAAAGCGCAGAAGTTCGGGAGAGCATTCCTGTTTTCGATGATATCAGAAAAGATTTATATTAAAAAATATATTGACAACTAACTAAATTACCTGTTACCATGTTCATCAACTGATAAATTAGAATTGTCAAACAAGTGAATATATTCTCTTATCGAGAGTTGGGCGAGGGATTTGGCCTTTTGACCCCAAAAGCAACCGACCGTAATTCCATTGTGAAATGGGGCGCATTTTTTTCGCGCCGAGACGCTGGTCTCTTAAGGCACGGTGCTAATTCCATTCAGATCTGATCTGAGAGATAAGAGAGGCGGACATAGATGTTAAGCCTCCTTCTCTCTGAGAAGGAGGCTTTTTTACGGCCACATATTAATTAATTACATAATTGGAGGTTATGATGATGGGAGTCACAAAAACACCTTTATACGAAACGTTAAATGAAAGCTCCGCTGTGGCGTTGGCGGTGAAGCTTGGCCTATTTCCAAGCAAAAGCACGCTGACATGCCAGGAGATCGGAGACGGCAACTTAAATTACGTTTTTCATATTTATGATCAAGAACATGACAGAGCATTGATCATTAAACAGGCGGTTCC
GCF_000009045.1	ASM904v1	224308	xpt	chromosome	BSU22070	2319439	2320024	-	Purine		RF00167_2320112	2320112	2320211	9.1e-16	NC_000964.3	TGCGGACCGATCAAAACGGCATCCGCTTTTCTCATGTCTTCTTTTGCTTTATCCTGGCCAACAGCCCAAATCTCCGCTTCCTCACCGATAGACTGTGCGTATTCCTTCATTTTTGTCACCAATAAACTGGTAGACATTCCTGAACTGCACGCGAGTAATATTTTTTTCAACTGCTATCCCCCCTGTTATTAAAACGCTTACATTGATTATTATAGTCATTTAATTTTAAATGTCTATACTTTTATAAAATAAATATAATCATATTTTTTTCCGGTTCACCGTTTTATAAATTTTTCTATGGAAGATTCATTCATAATGTGGTACACTCATCAACGGAAACGAATCAATTAAATAGCTATTATCACTTGTATAACCTCAATAATATGGTTTGAGGGTGTCTACCAGGAACCGTAAAATCCTGATTACAAAATTTGTTTATGACATTTTTTGTAATCAGGATTTTTTTTATTTATCAAAACATTTAAGTAAAGGAGTTTGTTATGAATTTCAAAGTTTTCCTGCTTGCAGCTTCTACGATTGCAGTCGGATTGGTTGAGTTAATTGTGGGGGGAATTCTTCCTCAGATCGCAAATGATTTAGACATTTCCATTGTTTCAGCCGGACAGCTGATCAGTGTGTTTGCGCTGGGATATGCAGTATCTGGGCCGCTGCTTTTGGCATTGACTGCGAAGATTGAGCG
GCF_000009045.1	ASM904v1	224308	ypzE	chromosome	BSU23060	2410694	2410859	-	FMN		RF00050_2410741	2410741	2410875	5.8e-30	NC_000964.3	TGTCTTTACAGCAGGATTCGGTGAGATTCCGGAGCCGACAGTACAGTCTGGATGGGAGAAGATGGAGGTTCATAAGCGTTTTGAAATTGAATTTTTCAAACGTTTCTTTGCCTAGCCTAATTTTCGAAACCCCGCTTTTATATATGAAGCGGTTTTTTTATTGGCTGGAAAAGAACCTTTCCGTTTTCGAGTAAGATGTGATCGAAAAGGAGAGAATGAAGTGAAAGTAAAAAAATTAGTTGTGGTCAGCATGCTGAGCAGCATTGCATTTGTTTTGATGCTGTTAAATTTCCCGTTTCCGGGTCTTCCGGATTATTTAAAAATCGATTTTAGCGACGTTCCCGCAATTATTGCCATTCTGATTTACGGACCTTTGGCGGGTATTGCCGTAGAAGCGATAAAAAATGTTCTTCAGTATAT
GCF_000009045.1	ASM904v1	224308	ribD	chromosome	BSU23280	2430257	2431343	-	FMN		RF00050_2431471	2431471	2431615	5.6e-24	NC_000964.3	TGTCTTTACAGCAGGATTCGGTGAGATTCCGGAGCCGACAGTACAGTCTGGATGGGAGAAGATGGAGGTTCATAAGCGTTTTGAAATTGAATTTTTCAAACGTTTCTTTGCCTAGCCTAATTTTCGAAACCCCGCTTTTATATATGAAGCGGTTTTTTTATTGGCTGGAAAAGAACCTTTCCGTTTTCGAGTAAGATGTGATCGAAAAGGAGAGAATGAAGTGAAAGTAAAAAAATTAGTTGTGGTCAGCATGCTGAGCAGCATTGCATTTGTTTTGATGCTGTTAAATTTCCCGTTTCCGGGTCTTCCGGATTATTTAAAAATCGATTTTAGCGACGTTCCCGCAATTATTGCCATTCTGATTTACGGACCTTTGGCGGGTATTGCCGTAGAAGCGATAAAAAATGTTCTTCAGTATAT
GCF_000009045.1	ASM904v1	224308	gcvT	chromosome	BSU24570	2548244	2549333	-	Glycine		RF00504_2549503	2549503	2549604	3.1e-14	NC_000964.3	TTCAGTCTTTCAGCAAATTCTTCAGGCCATTTTGCATCGTAGATCATTTCTGTATTCATTGCTTTGAAACCGCCTTTCTTATTCTTCGATTCTTAAGATGAATAATATAAGAAAAATCTGCCCAAATTGCTGTTGCCCAGCATATAGTGATGATGGTAGGATATGAGTATGTATTTGATGTAAGATATTGCTATAGTATGTCCATAACAGCATGAAAATATGAGCGAATGACAGCAAGGGGAGAGACCTGACCGAAAACCTCGGGATACAGGCGCCGAAGGAGCAAACTGCGGAGTGAATCTCTCAGGCAAAAGAACTCTTGCTCGACGCAACTCTGGAGAGTGTTTGTGCGGATGCGCAAACCACCAAAGGGGACGTCTTTGCGTATGCAAAGTAAACTTTCAGGTGCCAGGACAGAGAACCTTCATTTTACATGAGGTGTTTCTCTGTCCTTTTTTGTATGTTTTTTAGCTGCGCCGTTGATAAAGGGGAGGAATTAGATGCTGAAAAGAACGCCGTTATTTGACCTGTATAAGGAATATGGAGGAAAAACGATTGATTTCGGAGGCTGGGAGCTTCCTGTTCAATTTTCTTCTATAAAAAAAGAACACGAGGCTGTCCGAACTGCAGCCGGTTTGTTTGATGTATCTCATATGGGAGAAGTCGAAGTGTCAGGGAACGACAGTCTGTCTTTTTTGCA
GCF_000009045.1	ASM904v1	224308	lysC	chromosome	BSU28470	2909519	2910746	-	Lysine		RF00168_2910870	2910870	2911049	3.5e-36	NC_000964.3	CGTAATCCAAGGAGCTCTTGAAGATGCTGGTTCAGCTCTAAAAGATGATCCGCTTCAAGAAGCTGTGCAAAAAAAGAAAAATAATCGATAACCACATGCGGATAGGGCTTGGCTCTATCCGTATTTTCCATCTGTTCCCTTTGACAGATCATCCTTTCTTTGATAACCTTCTGGGAGTAACTGAATAATTAAATCCTCACTCTTTCTCAGTGAGGTAGAGGTTGCGCGGATGATGAGTCACACATGCTAGGCTGACAGGGGCTGTTAAACATGTGTAAAAGGCATCAGCGCCGAAGTGTGGAGAAAGCCGATCCTTCTCTATGCTGGGACTGTATCTGAATAAGTGCAGGACTGCCGCGTGCTTTTTCGCGGAGGGCTATCCGGAGATCAAGGGTGTGTGTTTCTTTAAGCATGGACTTTTGTTCAGGCTTTTTTTGCGTTTATATGATCTCGGGGTCTGGTCCGTACAAAGAATCATGGAGGTACTGGAATGGAACAGACAAAAAAATGGGGTTTTTGGTTATTAACGGCGTTTGTCGTTGGAAATATGGTTGGATCAGGAATTTTCTCCTTGCCGAGCTCGCTTGCTTCAATTGCGAGTCCGTTTGGAGCTACGTCCGCCTGGCTTTTGACAGGTGCCGGCGTGCTGATGATTGCACTTGTGTTCGGACACTTGTCCATTCGCAAGCC
GCF_000009045.1	ASM904v1	224308	metK	chromosome	BSU30550	3127824	3129027	-	SAM		RF00162_3129193	3129193	3129331	2.8e-16	NC_000964.3	AATCCGGATAATGAATTTGCAGGACATAGCCTGATTATTGATCCATGGGGACGTGTACTTGCTGAAGGCGGCCGGGAAGAAGGCATAGTCCGAGCGGAAATCGACCTTCAAGAAAGCGCAGAAGTTCGGGAGAGCATTCCTGTTTTCGATGATATCAGAAAAGATTTATATTAAAAAATATATTGACAACTAACTAAATTACCTGTTACCATGTTCATCAACTGATAAATTAGAATTGTCAAACAAGTGAATATATTCTCTTATCGAGAGTTGGGCGAGGGATTTGGCCTTTTGACCCCAAAAGCAACCGACCGTAATTCCATTGTGAAATGGGGCGCATTTTTTTCGCGCCGAGACGCTGGTCTCTTAAGGCACGGTGCTAATTCCATTCAGATCTGATCTGAGAGATAAGAGAGGCGGACATAGATGTTAAGCCTCCTTCTCTCTGAGAAGGAGGCTTTTTTACGGCCACATATTAATTAATTACATAATTGGAGGTTATGATGATGGGAGTCACAAAAACACCTTTATACGAAACGTTAAATGAAAGCTCCGCTGTGGCGTTGGCGGTGAAGCTTGGCCTATTTCCAAGCAAAAGCACGCTGACATGCCAGGAGATCGGAGACGGCAACTTAAATTACGTTTTTCATATTTATGATCAAGAACATGACAGAGCATTGATCATTAAACAGGCGGTTCC
GCF_000009045.1	ASM904v1	224308	thiT	chromosome	BSU30990	3179305	3179884	+	TPP		RF00059_3179104	3179104	3179205	2e-11	NC_000964.3	AATGAAGCAGCTTTACTAATATAACATTCAGCTTCTTTTTTGTCAACAACTTTTTTCAAGTTGTTTTGAAGCATCTAGTTTGTGTCCGCTGTGCATCAGCGACGTTTAATAATATAACACCTGTATTTATTTATTGCAATAGTTTTTTAAAAAAAATCTATAAAACAAATAAACTATAATCCTCGCCATGATTTCTAAAGCGTGTGTATCATATAAGTTTCTTAAAAGAACATATACATCAGTCATGTGATCTTGTTGTTTTTTTCGTTTTCTTGTATAGTAGAAACGAACTAAATACTGATGACCACAAGGGGAGCATTAAAGCTGAGAGTGAGCGGTTTCGTTCTGACCCTTTGAACCTGTTAGTTAACGCTGGCGTAGGGATGTGGCAAAGTCAAATGAATTGCAGATCGTAAAGCAGTGCGTGGAACTTTTCTCATCCTTCCGCGTGCTGCTTTTTTGTTGTCCTTTTGGTTGTCTGTCAATGGAAGGAGATAGATATGAATCAATCTAAGCAACTGGTTCGCCTTATTGAAATTGCCATTATGACAGCGGCAGCCGTTATTTTAGACATTGTCTCAGGAATGTTTCTTAGCATGCCTCAAGGAGGCTCGGTCTCCATCATGATGATTCCGATCTTTTTAATTTCGTTTCGCTGGGGTGTCAAAGCAGGTCTTACTACAGGTTTGTTGACAGGTCT
GCF_000009045.1	ASM904v1	224308	ktrA	chromosome	BSU31090	3188413	3189082	+	ydaO-yuaA		RF00379_3188192	3188192	3188340	4.2e-22	NC_000964.3	CTTCCTGCCGCTGGTACATATACTTTCCGTGCGGAGAATAAATCATTAAGCATCGGAAATAAATTTTACGCAGAAGCCAGCATTGACGTGGCTAAGCGCAGCACTCCTCCGACTCAGCCTTGCGGTTGCAACTAATGTAAAAGACCGGTTAACGCCGGTCTTTTTTGCGTTTTACCCTCCCCTTTTTCTCTAATCCCCGTTATCTTTTTTCTGGTTTAAAATTTAAATTGACAAACACTAGAAACAGGAGTAAATTCTTGAGTGTTCAATTTCATACAGTCTCTTTTACCGCTTAATCAAACACGAACGGGGGAACCAACGATTGGCTGTTTTATTAACAGCCTTGGGGTGAATCTTACTAAGTAAGAGGGGGTACTCTGAATCCCTAATCCGACAGCTAACCTCGTAGGCGTATACAGAGAGGAGGTCTATTATCGGCCATTCTTTGCAATGGTCTTTTTTGTTTCAAAAACGTTAATTCACTAAGGGAGATATGAACATTGGGAAGAATTAAAAATAAGCAATTTGCCGTGATCGGGCTGGGCCGGTTTGGCGGCAGCATTTGTAAAGAACTTCATAGAATGGGGCATGAGGTCCTTGCGGTTGATATCAACGAAGAAAAGGTCAATGCATATGCTTCTTACGCCACTCATGCGGTAATTGCCAACGCCACCGAAGAAAACGAATTGCTTTCATTAGG
GCF_000009045.1	ASM904v1	224308	metQ	chromosome	BSU32750	3363265	3364291	-	SAM		RF00162_3364395	3364395	3364501	1.9e-20	NC_000964.3	AATCCGGATAATGAATTTGCAGGACATAGCCTGATTATTGATCCATGGGGACGTGTACTTGCTGAAGGCGGCCGGGAAGAAGGCATAGTCCGAGCGGAAATCGACCTTCAAGAAAGCGCAGAAGTTCGGGAGAGCATTCCTGTTTTCGATGATATCAGAAAAGATTTATATTAAAAAATATATTGACAACTAACTAAATTACCTGTTACCATGTTCATCAACTGATAAATTAGAATTGTCAAACAAGTGAATATATTCTCTTATCGAGAGTTGGGCGAGGGATTTGGCCTTTTGACCCCAAAAGCAACCGACCGTAATTCCATTGTGAAATGGGGCGCATTTTTTTCGCGCCGAGACGCTGGTCTCTTAAGGCACGGTGCTAATTCCATTCAGATCTGATCTGAGAGATAAGAGAGGCGGACATAGATGTTAAGCCTCCTTCTCTCTGAGAAGGAGGCTTTTTTACGGCCACATATTAATTAATTACATAATTGGAGGTTATGATGATGGGAGTCACAAAAACACCTTTATACGAAACGTTAAATGAAAGCTCCGCTGTGGCGTTGGCGGTGAAGCTTGGCCTATTTCCAAGCAAAAGCACGCTGACATGCCAGGAGATCGGAGACGGCAACTTAAATTACGTTTTTCATATTTATGATCAAGAACATGACAGAGCATTGATCATTAAACAGGCGGTTCC
GCF_000009045.1	ASM904v1	224308	yvrC	chromosome	BSU33180	3403492	3404437	-	AdoCbl_riboswitch		RF01482_3404515	3404515	3404654	1e-07	NC_000964.3	TGACTGCCGCACCCTCTTGCAGAAAGCTTTTTGCGGCGGCTTTCCCGATACCGGACGTCGAGCCGGTGATTAAGACGAGTTTTTCTTTTAGCTGTAAATCCATAAGAATCATTCCTTTTGATAGATGATGGTATTAAGTATACAAGATCAAATTTAGTGTTTACGAGGATTTTGCTTCCATACACAATATGGGGAAAAGTCATTCAGGACACATATACAAGCCTGTCAGTCATATAGTATAATTACTCCGAAAAACGGATACGAATGTCAAATAGGTGCCGGTCCGTGAACAACAGCCGGCTTAAAAGGGAAACCGGTAAAAGCCGGTGCGGTCCCGCCACTGTAATTGGCCAAGCGCCAAGAGCCAGGATACCTGCCTGTTTGATCAGCACGAATTCTGCGAGGACAGATGATGTGTAAACAATAGGCTTTTTTGTGTTGTTTACAGCATCTTTACCGTCGTAGAGATGCTTTTTTAGTTCGTTTAGGAGGAAAAGATTATGAAAAAACGAGCCGGGATATGGGCTGCGCTTCTGTTGGCTGCTGTTATGCTGGCAGGCTGCGGCAATCCTGCGGATCAGAAGGATTCAAAGGCAAAACAAAAAACAGAAGTGTTCCCTGTCACCATTGATGATGCGTCAAACCAAGATGTAACCATCAAAAAAGAGCCAAAAAAGATTGTTTCATTAATGCCGAGCAA
GCF_000009045.1	ASM904v1	224308	yvrC	chromosome	BSU33180	3403492	3404437	-	Cobalamin		RF00174_3404540	3404540	3404679	1.5e-20	NC_000964.3	TGACTGCCGCACCCTCTTGCAGAAAGCTTTTTGCGGCGGCTTTCCCGATACCGGACGTCGAGCCGGTGATTAAGACGAGTTTTTCTTTTAGCTGTAAATCCATAAGAATCATTCCTTTTGATAGATGATGGTATTAAGTATACAAGATCAAATTTAGTGTTTACGAGGATTTTGCTTCCATACACAATATGGGGAAAAGTCATTCAGGACACATATACAAGCCTGTCAGTCATATAGTATAATTACTCCGAAAAACGGATACGAATGTCAAATAGGTGCCGGTCCGTGAACAACAGCCGGCTTAAAAGGGAAACCGGTAAAAGCCGGTGCGGTCCCGCCACTGTAATTGGCCAAGCGCCAAGAGCCAGGATACCTGCCTGTTTGATCAGCACGAATTCTGCGAGGACAGATGATGTGTAAACAATAGGCTTTTTTGTGTTGTTTACAGCATCTTTACCGTCGTAGAGATGCTTTTTTAGTTCGTTTAGGAGGAAAAGATTATGAAAAAACGAGCCGGGATATGGGCTGCGCTTCTGTTGGCTGCTGTTATGCTGGCAGGCTGCGGCAATCCTGCGGATCAGAAGGATTCAAAGGCAAAACAAAAAACAGAAGTGTTCCCTGTCACCATTGATGATGCGTCAAACCAAGATGTAACCATCAAAAAAGAGCCAAAAAAGATTGTTTCATTAATGCCGAGCAA
GCF_000009045.1	ASM904v1	224308	lysP	chromosome	BSU33330	3419655	3421065	-	Lysine		RF00168_3421167	3421167	3421346	3.4e-30	NC_000964.3	CGTAATCCAAGGAGCTCTTGAAGATGCTGGTTCAGCTCTAAAAGATGATCCGCTTCAAGAAGCTGTGCAAAAAAAGAAAAATAATCGATAACCACATGCGGATAGGGCTTGGCTCTATCCGTATTTTCCATCTGTTCCCTTTGACAGATCATCCTTTCTTTGATAACCTTCTGGGAGTAACTGAATAATTAAATCCTCACTCTTTCTCAGTGAGGTAGAGGTTGCGCGGATGATGAGTCACACATGCTAGGCTGACAGGGGCTGTTAAACATGTGTAAAAGGCATCAGCGCCGAAGTGTGGAGAAAGCCGATCCTTCTCTATGCTGGGACTGTATCTGAATAAGTGCAGGACTGCCGCGTGCTTTTTCGCGGAGGGCTATCCGGAGATCAAGGGTGTGTGTTTCTTTAAGCATGGACTTTTGTTCAGGCTTTTTTTGCGTTTATATGATCTCGGGGTCTGGTCCGTACAAAGAATCATGGAGGTACTGGAATGGAACAGACAAAAAAATGGGGTTTTTGGTTATTAACGGCGTTTGTCGTTGGAAATATGGTTGGATCAGGAATTTTCTCCTTGCCGAGCTCGCTTGCTTCAATTGCGAGTCCGTTTGGAGCTACGTCCGCCTGGCTTTTGACAGGTGCCGGCGTGCTGATGATTGCACTTGTGTTCGGACACTTGTCCATTCGCAAGCC
GCF_000009045.1	ASM904v1	224308	yxkD	chromosome	BSU38840	3987926	3988763	-	ykkC-yxkD		RF00442_3988838	3988838	3988940	1.9e-16	NC_000964.3	CAAGCTTTACAGGGTACTAGTTTTCCTGCCATTATATTTCCTCCTATGTAATAAAATGTACGAAACATATGTACTATAATGCCTATATTATTTCTCTTAGTCAATATAAAATTATGAATTTCTTATAATTATTATCATTTATAGTTACATTCGCTTGTAAAATATATGCTTTTTTTCTTATCGGTTATATCTGTTCTTTTTTAATAGATAAATCGTATTTTTTTCCAGCTTATCTGATGAAAACTCCGCAAATACCCCTTGAACCAATTCGAACCGTCCCTTATAATGCTAATATTGGAAAGTGAAAAGGATATGATAAAAACAGTGGTTTTCTAGGGTTCCGCAATGCAAATTGGACTGTGACCGAGAGAAAACACATAGCAGCTTGGCTGTTATGACACGGTGGGATAAAAGCCCAGGAGTTTCTGCTCTTTTTCGAGAGCGTTCTCCTGGGTTTTTTTATTTGCTAGAACAGAACAATGAAAAGGAGTGTTTTCGTGATGAAAAAGAGAATGCTGGATGTACTTATGCTTGTGATTGGCGCTTTTTTCTTCGCGCTTGCGGTTAATTTATTTGCGATTCCCAATGATCTTGGGGAAGGCGGAGTCACTGGGATTACGCTGATTTTGTATTATCTGTTTCAATGGTCTCCTGGTGTCACGAACTTTATCTTAAATGCGTTTTTGCTTTTAATCGGCTA
GCF_000009045.1	ASM904v1	224308	yxjH	chromosome	BSU38950	3997963	3999097	+	SAM		RF00162_3997774	3997774	3997880	3.6e-20	NC_000964.3	AATCCGGATAATGAATTTGCAGGACATAGCCTGATTATTGATCCATGGGGACGTGTACTTGCTGAAGGCGGCCGGGAAGAAGGCATAGTCCGAGCGGAAATCGACCTTCAAGAAAGCGCAGAAGTTCGGGAGAGCATTCCTGTTTTCGATGATATCAGAAAAGATTTATATTAAAAAATATATTGACAACTAACTAAATTACCTGTTACCATGTTCATCAACTGATAAATTAGAATTGTCAAACAAGTGAATATATTCTCTTATCGAGAGTTGGGCGAGGGATTTGGCCTTTTGACCCCAAAAGCAACCGACCGTAATTCCATTGTGAAATGGGGCGCATTTTTTTCGCGCCGAGACGCTGGTCTCTTAAGGCACGGTGCTAATTCCATTCAGATCTGATCTGAGAGATAAGAGAGGCGGACATAGATGTTAAGCCTCCTTCTCTCTGAGAAGGAGGCTTTTTTACGGCCACATATTAATTAATTACATAATTGGAGGTTATGATGATGGGAGTCACAAAAACACCTTTATACGAAACGTTAAATGAAAGCTCCGCTGTGGCGTTGGCGGTGAAGCTTGGCCTATTTCCAAGCAAAAGCACGCTGACATGCCAGGAGATCGGAGACGGCAACTTAAATTACGTTTTTCATATTTATGATCAAGAACATGACAGAGCATTGATCATTAAACAGGCGGTTCC
GCF_000009045.1	ASM904v1	224308	yxjG	chromosome	BSU38960	3999349	4000486	+	SAM		RF00162_3999165	3999165	3999271	4.2e-18	NC_000964.3	AATCCGGATAATGAATTTGCAGGACATAGCCTGATTATTGATCCATGGGGACGTGTACTTGCTGAAGGCGGCCGGGAAGAAGGCATAGTCCGAGCGGAAATCGACCTTCAAGAAAGCGCAGAAGTTCGGGAGAGCATTCCTGTTTTCGATGATATCAGAAAAGATTTATATTAAAAAATATATTGACAACTAACTAAATTACCTGTTACCATGTTCATCAACTGATAAATTAGAATTGTCAAACAAGTGAATATATTCTCTTATCGAGAGTTGGGCGAGGGATTTGGCCTTTTGACCCCAAAAGCAACCGACCGTAATTCCATTGTGAAATGGGGCGCATTTTTTTCGCGCCGAGACGCTGGTCTCTTAAGGCACGGTGCTAATTCCATTCAGATCTGATCTGAGAGATAAGAGAGGCGGACATAGATGTTAAGCCTCCTTCTCTCTGAGAAGGAGGCTTTTTTACGGCCACATATTAATTAATTACATAATTGGAGGTTATGATGATGGGAGTCACAAAAACACCTTTATACGAAACGTTAAATGAAAGCTCCGCTGTGGCGTTGGCGGTGAAGCTTGGCCTATTTCCAAGCAAAAGCACGCTGACATGCCAGGAGATCGGAGACGGCAACTTAAATTACGTTTTTCATATTTATGATCAAGAACATGACAGAGCATTGATCATTAAACAGGCGGTTCC
GCF_000009045.1	ASM904v1	224308	yxjA	chromosome	BSU39020	4005751	4006945	+	Purine		RF00167_4005522	4005522	4005623	1.3e-16	NC_000964.3	TGCGGACCGATCAAAACGGCATCCGCTTTTCTCATGTCTTCTTTTGCTTTATCCTGGCCAACAGCCCAAATCTCCGCTTCCTCACCGATAGACTGTGCGTATTCCTTCATTTTTGTCACCAATAAACTGGTAGACATTCCTGAACTGCACGCGAGTAATATTTTTTTCAACTGCTATCCCCCCTGTTATTAAAACGCTTACATTGATTATTATAGTCATTTAATTTTAAATGTCTATACTTTTATAAAATAAATATAATCATATTTTTTTCCGGTTCACCGTTTTATAAATTTTTCTATGGAAGATTCATTCATAATGTGGTACACTCATCAACGGAAACGAATCAATTAAATAGCTATTATCACTTGTATAACCTCAATAATATGGTTTGAGGGTGTCTACCAGGAACCGTAAAATCCTGATTACAAAATTTGTTTATGACATTTTTTGTAATCAGGATTTTTTTTATTTATCAAAACATTTAAGTAAAGGAGTTTGTTATGAATTTCAAAGTTTTCCTGCTTGCAGCTTCTACGATTGCAGTCGGATTGGTTGAGTTAATTGTGGGGGGAATTCTTCCTCAGATCGCAAATGATTTAGACATTTCCATTGTTTCAGCCGGACAGCTGATCAGTGTGTTTGCGCTGGGATATGCAGTATCTGGGCCGCTGCTTTTGGCATTGACTGCGAAGATTGAGCG
GCF_000009045.1	ASM904v1	224308	yybP	chromosome	BSU40560	4169165	4169612	-	yybP-ykoY		RF00080_4169797	4169797	4169925	2.6e-05	NC_000964.3	ATGTACCATCTGGTATGCCCAGGCCGTTTCACGCGCTCTTGACTCATGATGAAAACCTCCTCTGTCATAGCATGATCTCCTGATAGAAAAACCATTCAAATTTTAAATACCACAGCGCGCTTTTATATAAACGGCAGGAATTTGACTGGAACAGATCGGTGCTTTAGAATGAAAGTAATAAAAATGAACACTCCAAAGGGGAGTAGCTTTCACAGTAAAGTCGTCATTACGGGACAAGGTGTCCTCGGCTTTGCTGGCAATCTCATTGTTAGCGAGACCTTTGCCAAATCTGATTTGGTGAAGGTCTTTTTGTTTCAGGAACTTCACCAAATTGGTGGAGTTTTTTCATTTTTATCAAAAAGGGAGAGGAGCATCAGAATGTCTAAGCTGAAAAAGTGGCTGAAGCGTGAATTGGTGAGGAAAGGGCTGCCGTTAGCGAAAGAGAAATTGATTCCGATCTTAAAAGAAAAAATGAAAAAGAAACGATGAGGGGGCTGAAGATGAAGATCATTTTGACAGTACTTGCCGGAGTGGGACTTTTGAGTGCAGGCGGATGCGGCATGCTTGATCAGGTGAACGACGGATTGAACTATACGAGTGAAGCAGCTGGTTATGTGGAGAAGGTGAAGACATTTGCAGAGGAAGCGCCTGAATTGGCTGAGAAAGCTGTAAATGACACCGAGGCGAAAGAAAAACTTGA
